network,gap,lower_bound,upper_bound,time,steps
1-1,0.000334815477012803,-0.017867292453119115,-0.017532476976106312,1.14239473,800
1-2,0.0003548450725047725,-0.017023262438879312,-0.01666841736637454,2.24597337,1800
2-1,0.0008687973569692642,0.06419570810367167,0.06506450546064094,10.673890031,8800
2-2,0.001478431959165541,0.06811680230710936,0.0695952342662749,60.020440692,50400
